insert into employee
	values
		('000000001', "Dr. Sweet", '1960-06-06', 'Street 1', 'Miami', '1111111', '123456789', 1500, 'doctor'),
		('000000002', "Jane Sweettooth", '1960-07-06', 'Street 2', 'Miami', '1111111', '000111222', 2000, 'doctor'),
		('000000012', "Dr. Bones", '1940-07-06', 'Street 2', 'Miami', '1111111', '111111111', 2100, 'doctor'),
		('000000003', "Amalia Johnson", '1960-06-06', 'Street 2', 'Miami', '1111111', '000000001', 1200, 'nurse'),
		('000000004', "Kate Marshall", '1960-06-06', 'Street 2', 'Miami', '1111111', '000000002', 1200, 'nurse'),
		('000000014', "Alaya Lindsey", '1960-06-06', 'Street 2', 'Miami', '1111111', '000000022', 1200, 'nurse'),
		('000000015', "Lindsey Lohan", '1980-06-06', 'Street 2', 'Miami', '1111111', '000000023', 1200, 'nurse'),
		('000000016', "Enfermeira Paula", '1959-02-06', 'Street 2', 'Miami', '1111111', '000000024', 1200, 'nurse'),
		('000000005', "Carolyn Smith", '1960-06-06', 'Street 2', 'Miami', '1111111', '000000003', 1000, 'receptionist'),
		('000000006', "Owen Baker", '1960-06-06', 'Street 2', 'Miami', '1111111', '000000004', 1000, 'receptionist'),
		('000000111', "Vladimir Guy", '1983-04-04', 'Street 4', 'Miami', '1111111', '000000099', 1000, 'doctor'),
		('000000113',"Ben Howard", '1990-06-29', 'Street 2', ' Miami', '1111111', '000000123', 1000, 'doctor'),
		('000000222',"John Ben", '1997-02-29', 'Street 2', ' Miami', '1111111', '000000222', 1000, 'doctor');



insert into doctor
	values
		('000000001', 'Imaging', 'I Like being a doctor', 'sweeth@gmail.com', 'doctor', 'permanent'),
		('000000002', 'Dental Charting', 'I Like being a doctor', 'jane.S@gmail.com', 'doctor', 'permanent'),
		('000000012', 'Radiology', 'I am very old', 'bones@gmail.com', 'doctor', 'permanent'),
		('000000111', ' ', 'I came from Russia','russianguy@yahoo.com', 'doctor', 'trainee'),
		('000000113', ' ', 'I dont like this clinic','traineedoctor@gmail.com', 'doctor', 'trainee'),
		('000000222',' ', 'Doing an internship', 'newguy@gmail.com', 'doctor', 'trainee');




insert into nurse
	values
		('000000003', 'nurse'),
		('000000004', 'nurse'),
		('000000014', 'nurse');


insert into client
	values
		('111111111', 'John Smith', '1997-09-23', 'Main Street', 'Lisbon', '1234-567', 'M', 30),
		('222222222', 'Grace Ritchie', '1997-09-23', 'Main Street', 'Lisbon', '1234-567', 'F', 30),
		('333333333', 'Random J.Patient', '1997-09-23', 'Main Street', 'Lisbon', '1234-567', 'Other', 30),
		('444444444', 'Efa Lutz', '1997-09-23', 'Main Street', 'Lisbon', '1234-567', 'M', 30),
		('555555555', 'Shelby Lacey', '1997-09-23', 'Main Street', 'Lisbon', '1234-567', 'F', 12),
		('666666666', 'Mariah Laing', '1997-09-23', 'Main Street', 'Lisbon', '1234-567', 'F', 14),
		('777777777', 'Sumaya Davila', '1997-09-23', 'Main Street', 'Lisbon', '1234-567', 'F', 17),
		('888888888', 'Kian Partridge', '1997-09-23', 'Main Street', 'Lisbon', '1234-567', 'M', 15),
		('101010101', 'Barack Obama', '1990-02-25', 'Washington DC nr 5', 'DC', '1234567', 'M', 40),
		('999999999', 'Eloisa Sellers', '1997-09-23', 'Main Street', 'Lisbon', '1234-567', 'F', 19);



insert into phone_number_client
	values
		('111111111', 911111111),
		('111111111', 912121212),
		('222222222', 922222222),
		('333333333', 933333333),
		('444444444', 944444444),
		('555555555', 955555555),
		('666666666', 966666666),
		('777777777', 977777777),
		('888888888', 988888888),
		('101010101', 919999191),
		('999999999', 999999999);



insert into permanent_doctor
	values
		('000000001', 10, 'permanent'),
		('000000002', 20, 'permanent'),
		('000000012', 40, 'permanent');


insert into trainee_doctor
	values
		('000000111','000000001', 'trainee'),
		('000000113','000000002', 'trainee');


insert into supervision_report
	values
		('000000111','2019-09-04 17:20:00','Doesnt know how to do anything', 2),
		('000000113','2019-09-04 12:00:00', 'insufficient performance. He lacks motivation and calls sick a lot', 3);


insert into appointment
	values
		('000000001', '2018-11-03 12:30:00', "Remove a tooth", '111111111'),
		('000000002', '2019-11-04 12:30:00', "Remove a tooth", '222222222'),
		('000000001', '2019-11-04 12:30:00', "Remove a tooth", '222222222'),
		('000000002', '2017-11-05 12:30:00', "Remove a tooth", '333333333'),
		('000000002', '2017-11-06 12:30:00', "Remove a tooth", '111111111'),
		('000000002', '2019-11-07 12:30:00', "Remove a tooth", '444444444'),
		('000000002', '2019-11-08 12:30:00', "Remove a tooth", '111111111'),
		('000000001', '2019-11-09 12:30:00', "Remove a tooth", '111111111'),
		('000000002', '2019-11-10 12:30:00', "Remove a tooth", '333333333'),
		('000000002', '2019-11-11 12:30:00', "Remove a tooth", '111111111'),
		('000000012', '2019-12-12 12:30:00', "Remove a tooth", '222222222'),
		('000000012', '2019-11-13 12:30:00', "Remove a tooth", '444444444'),
		('000000012', '2019-11-14 12:30:00', "Remove a tooth", '555555555'),
		('000000012', '2019-11-15 12:30:00', "Remove a tooth", '666666666'),
		('000000012', '2019-11-16 12:30:00', "Remove a tooth", '777777777'),
		('000000012', '2018-11-12 12:30:00', "Remove a tooth", '888888888'),
		('000000012', '2017-11-12 12:30:00', "Remove a tooth", '888888888'),
		('000000113', '2019-01-01 17:00:00', 'Put braces', '111111111'),
		('000000113', '2019-01-02 17:00:00', 'Put braces', '222222222'),
		('000000113', '2019-01-03 17:00:00', 'Put braces', '333333333'),
		('000000113', '2019-01-04 17:00:00', 'Put braces', '444444444'),
		('000000113', '2017-01-05 17:00:00', 'Put braces', '555555555'),
		('000000113', '2018-01-06 17:00:00', 'Put braces', '666666666'),
		('000000113', '2019-01-07 17:00:00', 'Put braces', '777777777'),
		('000000012', '2019-11-12 12:30:00', "Remove a tooth", '999999999'),
		('000000001', '2019-06-12 14:20:00', "Treat an infection", '111111111'),
		('000000001', '2019-06-13 11:00:00', "Remove a tooth", '111111111'),
		('000000001', '2019-07-13 10:00:00', "Remove a tooth", '111111111'),
		('000000002', '2019-09-13 10:00:00', "Remove a tooth", '111111111'),
		('000000012', '2019-12-13 12:30:00', "Routine check", '222222222'),
		('000000012', '2019-02-20 12:30:00', "Routine check", '222222222'),
		('000000012', '2019-03-10 12:30:00', "Routine check", '222222222'),
		('000000001', '2016-07-12 17:30:00', "Treat an infection", '101010101'),
		('000000012', '2019-03-13 12:30:00', "Remove a tooth", '222222222'),
		('000000001', '2019-07-12 17:30:00', "Remove a tooth", '222222222');

	


insert into consultation
	values
		('000000001', '2018-11-03 12:30:00', 'SOAP_s', 'isto é uma descrição', 'SOAP_A', 'SOAP_P'),
		('000000002', '2019-11-04 12:30:00', 'SOAP_s', 'estas descrições', 'SOAP_A', 'SOAP_P'),
		('000000002', '2017-11-05 12:30:00', 'SOAP_s', 'descrevem a parte', 'SOAP_A', 'SOAP_P'),
		('000000002', '2017-11-06 12:30:00', 'SOAP_s', 'mais objectiva', 'SOAP_A', 'SOAP_P'),
		('000000002', '2019-11-07 12:30:00', 'SOAP_s', 'da avaliação do cliente', 'SOAP_A', 'SOAP_P'),
		('000000002', '2019-11-08 12:30:00', 'SOAP_s', 'e deve ter listas de problemas', 'SOAP_A', 'SOAP_P'),
		('000000001', '2019-11-09 12:30:00', 'SOAP_s', 'que os cliente tenham', 'SOAP_A', 'SOAP_P'),
		('000000012', '2019-11-14 12:30:00', 'SOAP_s', 'tipo doenças como gingivitis', 'SOAP_A', 'SOAP_P'),
		('000000012', '2019-11-15 12:30:00', 'SOAP_s', 'ou até mesmo periodontitis', 'SOAP_A', 'SOAP_P'),
		('000000012', '2019-11-16 12:30:00', 'SOAP_s', 'que podem repetir periodontitis noutros clientes ', 'SOAP_A', 'SOAP_P'),
		('000000012', '2018-11-12 12:30:00', 'SOAP_s', 'SOAP_O', 'SOAP_A', 'SOAP_P'),
		('000000012', '2017-11-12 12:30:00', 'SOAP_s', 'SOAP_O', 'SOAP_A', 'SOAP_P'),
		('000000113', '2019-01-01 17:00:00', '','','',''),
		('000000113', '2019-01-02 17:00:00', '','','',''),
		('000000113', '2019-01-03 17:00:00', '','','',''),
		('000000012', '2019-11-12 12:30:00', 'SOAP_s', 'SOAP_O', 'SOAP_A', 'SOAP_P'),
		('000000001', '2019-06-12 14:20:00', 'SOAP_s', 'SOAP_O', 'SOAP_A', 'SOAP_P'),
		('000000001', '2019-06-13 11:00:00', 'SOAP_s', 'SOAP_O', 'SOAP_A', 'SOAP_P'),
		('000000001', '2019-07-12 17:30:00', 'SOAP_s', 'SOAP_O', 'SOAP_A', 'SOAP_P'),
		('000000002', '2019-09-13 10:00:00','','','',''),
		('000000001', '2016-07-12 17:30:00', 'SOAP_s', 'que podem repetir periodontitis noutros clientes ', 'SOAP_A', 'SOAP_P'),
		('000000001', '2019-07-13 10:00:00', 'SOAP_s', 'que podem repetir periodontitis noutros clientes ', 'SOAP_A', 'SOAP_P');


insert into consultation_assistant
	values
		('000000012', '2019-11-14 12:30:00', '000000003'),
		('000000012', '2019-11-14 12:30:00', '000000004'),
		('000000012', '2019-11-14 12:30:00', '000000014'),
		('000000012', '2018-11-12 12:30:00', '000000003'),
		('000000012', '2019-11-16 12:30:00', '000000004'),
		('000000012', '2019-11-15 12:30:00', '000000014'),
		('000000012', '2019-11-15 12:30:00', '000000004'),
		('000000002', '2019-11-04 12:30:00', '000000004'),
		('000000002', '2019-11-04 12:30:00', '000000014'),
		('000000002', '2019-11-04 12:30:00', '000000003'),
		('000000001', '2019-06-12 14:20:00', '000000003'),
		('000000001', '2019-06-13 11:00:00', '000000004'),
		('000000001', '2019-07-12 17:30:00', '000000014');


insert into diagnostic_code
	values
		(1, 'Bruxism'),
		(2, 'Attrition'),
		(3, 'Caries'),
		(4, 'Chipped Teeth'),
		(5, 'Chemical Erosion'),
		(6, 'Cold Sores'),
		(7, 'Fluorosis'),
		(8, 'Gingivitis'),
		(9, 'Missing Teeth'),
		(10, 'Neuralgia'),
		(11, 'Dental Cavities'),
		(12, 'Infectious Disease');


insert into diagnostic_code_relation
	values
		(8, 12, 'specialization'),
		(3, 11, 'specialization'),
		(4, 11, 'specialization'),
		(9, 11, 'specialization');


insert into consultation_diagnostic 
	values
		('000000001', '2018-11-03 12:30:00', 1),
		('000000002', '2019-11-04 12:30:00', 2),
		('000000002', '2017-11-05 12:30:00', 1),
		('000000002', '2017-11-06 12:30:00', 2),
		('000000002', '2019-11-07 12:30:00', 2),
		('000000002', '2019-11-08 12:30:00', 2),
		('000000001', '2019-11-09 12:30:00', 2),
		('000000012', '2019-11-14 12:30:00', 2),
		('000000012', '2019-11-15 12:30:00', 3),
		('000000012', '2019-11-16 12:30:00', 3),
		('000000012', '2018-11-12 12:30:00', 8),
		('000000113', '2019-01-01 17:00:00', 1),
		('000000113', '2019-01-02 17:00:00', 1),
		('000000113', '2019-01-03 17:00:00', 1),
		('000000012', '2019-11-12 12:30:00', 10),
		('000000001', '2019-06-12 14:20:00', 12),
		('000000001', '2019-06-13 11:00:00', 11),
		('000000001', '2019-07-12 17:30:00', 11),
		('000000002', '2019-09-13 10:00:00', 11),
		('000000001', '2016-07-12 17:30:00', 8),
		('000000001', '2019-07-13 10:00:00', 12);



insert into medication
	values
		('Ziagen', 'Abacavir Sulfate'),
		('Plenaxis', 'Abarelix'),
		('Bacitrin', 'Bacitrin'),
		('Aspirin', 'Bayer'),
		('Rocaltrol', 'Calcitriol'),
		('Danazol', 'Danazol'),
		('Clozapine', 'Fazaclo'),
		('Glipizide', 'Glucotrol'),
		('Trapine', 'Cognex'),
		('Xanax', 'Alprazolam');


insert into prescription
	values
		('Xanax', 'Alprazolam','000000001', '2018-11-03 12:30:00', 1, 0.5, ''),
		('Aspirin', 'Bayer','000000002', '2019-11-04 12:30:00', 2, 0.5, ''),
		('Xanax', 'Alprazolam','000000002', '2017-11-05 12:30:00', 1, 0.5, ''),
		('Aspirin', 'Bayer','000000002', '2017-11-06 12:30:00', 2, 0.5, ''),
		('Aspirin', 'Bayer','000000002', '2019-11-07 12:30:00', 2, 0.5, ''),
		('Bacitrin', 'Bacitrin','000000002', '2019-11-08 12:30:00', 2, 0.5, ''),
		('Bacitrin', 'Bacitrin','000000001', '2019-11-09 12:30:00', 2, 0.5, ''),
		('Glipizide', 'Glucotrol','000000012', '2019-11-14 12:30:00', 2, 0.5, ''),
		('Plenaxis', 'Abarelix','000000012', '2019-11-15 12:30:00', 3, 0.5, ''),
		('Plenaxis', 'Abarelix','000000012', '2019-11-16 12:30:00', 3, 0.5, ''),
		('Xanax', 'Alprazolam','000000012', '2018-11-12 12:30:00', 3, 0.5, ''),
		('Xanax', 'Alprazolam','000000113', '2019-01-01 17:00:00', 1, 0.5, ''),
		('Trapine', 'Cognex','000000113', '2019-01-02 17:00:00', 1, 0.5, ''),
		('Trapine', 'Cognex','000000113', '2019-01-03 17:00:00', 1, 0.5, ''),
		('Xanax', 'Alprazolam','000000012', '2019-11-12 12:30:00', 10, 0.5, ''),
		('Bacitrin', 'Bacitrin','000000001', '2019-06-12 14:20:00', 12, 1, ''),
		('Trapine', 'Cognex','000000001', '2019-06-13 11:00:00', 11, 2, ''),
		('Trapine', 'Cognex' ,'000000001', '2019-07-13 10:00:00', 12, 1, ''),
		('Danazol', 'Danazol', '000000002', '2019-09-13 10:00:00', 11, 0.55, ''),
		('Xanax', 'Alprazolam','000000001', '2019-07-12 17:30:00', 11, 0.5, '');


insert into procedures
	values
		('Bonding', ''),
		('Braces', ''),
		('Dentures', ''),
		('Veneers', ''),
		('Sealants', ''),
		('Gum Surgery', ''),
		('Extractions', ''),
		('Root Canals', ''),
		('Oral Cancer Examinations', ''),
		('Bridges and Implants', ''),
		('Dental Charting','');


insert into procedure_in_consultation
	values
		('Braces','000000001', '2018-11-03 12:30:00', ''),
		('Dentures','000000002', '2019-11-04 12:30:00', ''),
		('Sealants','000000002', '2017-11-05 12:30:00', ''),
		('Braces','000000002', '2017-11-06 12:30:00', ''),
		('Braces','000000002', '2019-11-07 12:30:00', ''),
		('Braces','000000002', '2019-11-08 12:30:00', ''),
		('Braces','000000012', '2018-11-12 12:30:00', ''),
		('Braces','000000002', '2019-11-04 12:30:00', ''),
		('Braces','000000012', '2019-11-15 12:30:00', ''),
		('Braces','000000012', '2019-11-12 12:30:00', ''),
		('Dental Charting','000000001', '2016-07-12 17:30:00', '');




insert into teeth
	values
		(1,1,'a'),
		(1,2,'b'),
		(1,3,'c'),
		(1,4,'d'),
		(1,5,'e'),
		(1,6,'f'),
		(1,7,''),
		(1,8,''),
		(2,1,'g'),
		(2,2,'h'),
		(2,3,'i'),
		(2,4,'j'),
		(2,5,'k'),
		(2,6,''),
		(2,7,''),
		(2,8,''),
		(3,1,'l'),
		(3,2,''),
		(3,3,''),
		(3,4,''),
		(3,5,''),
		(3,6,''),
		(3,7,''),
		(3,8,''),
		(4,1,'m'),
		(4,2,'n'),
		(4,3,'o'),
		(4,4,'p'),
		(4,5,'m'),
		(4,6,'n'),
		(4,7,'o'),
		(4,8,'p');
 


insert into procedure_charting
	values	
 		('Dental Charting','000000001', '2016-07-12 17:30:00', 1,1,'a',4.53),
 		('Dental Charting','000000001', '2016-07-12 17:30:00', 1,2,'b',1.53);
 	

